{
    "vel": {
        "coeff": 0.03290523576558816,
        "intercept": -0.0008086262823894241
    },
    "angle": {
        "dt_20": {
            "prop_0": {
                "coeff": 0.0,
                "intercept": 0.0
            },
            "prop_5": {
                "coeff": -0.298714126374131,
                "intercept": 0.000646663441020369
            },
            "prop_10": {
                "coeff": -0.9892416568761737,
                "intercept": 0.0029585906834277316
            },
            "prop_15": {
                "coeff": -1.6992941668226123,
                "intercept": -0.0005613088575260692
            },
            "prop_20": {
                "coeff": -2.3877033380196195,
                "intercept": 0.0004052716861677151
            },
            "prop_25": {
                "coeff": -3.073353205170192,
                "intercept": -0.001302143442857626
            },
            "prop_30": {
                "coeff": -3.756881273475711,
                "intercept": 0.0012445423833910441
            }
        },
        "dt_30": {
            "prop_0": {
                "coeff": 0.0,
                "intercept": 0.0
            },
            "prop_5": {
                "coeff": -0.6795456095611662,
                "intercept": -0.0001824215296665064
            },
            "prop_6": {
                "coeff": -0.9005736465264863,
                "intercept": 2.6613713155464788e-05
            },
            "prop_7": {
                "coeff": -1.123587006388394,
                "intercept": -7.650046420892311e-05
            },
            "prop_8": {
                "coeff": -1.342046368632687,
                "intercept": -0.0002953083248694202
            },
            "prop_9": {
                "coeff": -1.5563408506884946,
                "intercept": -0.0002101409807713974
            },
            "prop_10": {
                "coeff": -1.7773997224762013,
                "intercept": 0.0001336367576795978
            },
            "prop_11": {
                "coeff": -1.9953819786324019,
                "intercept": -0.00030887822826023196
            },
            "prop_12": {
                "coeff": -2.213015089182807,
                "intercept": 0.0008493152564949379
            },
            "prop_13": {
                "coeff": -2.4270913729991905,
                "intercept": -0.000630998242961321
            },
            "prop_14": {
                "coeff": -2.6433333967833197,
                "intercept": -0.000801777391363427
            },
            "prop_15": {
                "coeff": -2.8595524665250003,
                "intercept": -0.0003119682366004694
            },
            "prop_20": {
                "coeff": -3.9346842431351043,
                "intercept": 0.0009530802429342303
            },
            "prop_25": {
                "coeff": -4.993159246327514,
                "intercept": -0.002065341676689019
            },
            "prop_30": {
                "coeff": -6.052076684643244,
                "intercept": -0.0005170343450260071
            }
        },
        "dt_60": {
            "prop_0": {
                "coeff": 0.0,
                "intercept": 0.0
            },
            "prop_5": {
                "coeff": -1.855053477567057,
                "intercept": 0.00038509020371100926
            },
            "prop_10": {
                "coeff": -4.086121985489588,
                "intercept": 0.0009101616401817544
            },
            "prop_15": {
                "coeff": -6.302017913874597,
                "intercept": 0.0009829407292114394
            },
            "prop_20": {
                "coeff": -8.50055812087025,
                "intercept": -0.001227075490035038
            },
            "prop_25": {
                "coeff": -10.682973863766284,
                "intercept": 9.047023092948261e-05
            },
            "prop_30": {
                "coeff": -12.860367695837134,
                "intercept": -0.0016042385386930771
            }
        }
    }
}